Physics,Sections,CFG,mse,var_diff
x0nsdiv2,sec18plus7,2,tensor(24509.4785),129.36325943594122
x0nsdiv2,secincr20,7,tensor(65024.7969),57.53524827244811
x0nsdiv2,sec25,2,tensor(26155.0957),107.88248587626036
x0nsdiv2,sec18plus7,3,tensor(51768.0039),106.12619464782742
x0nsdiv2,secincr20,8,tensor(94637.4844),53.091080893105975
x0nsdiv2,sec9plus6,5,tensor(46914.7266),106.55154892112832
x0nsdiv2,sec9plus6,1,tensor(34814.9609),82.40067695697113
x0nsdiv2,sec18plus7,8,tensor(69007.8047),221.4288663851184
x0nsdiv2,sec20,7,tensor(27475.1758),181.2836801952882
x0nsdiv2,sec15,7,tensor(77395.6562),37.34655386638512
x0nsdiv2,sec20,4,tensor(24988.0508),117.35075631925238
x0nsdiv2,sec15,2,tensor(37828.1875),107.61964674846466
x0nsdiv2,sec25,6,tensor(257414.5312),102.1116700973269
x0nsdiv2,secincr20,2,tensor(25667.7891),108.71610660302578
x0nsdiv2,secincr20,4,tensor(41418.9062),73.73017124160484
x0nsdiv2,sec15,5,tensor(263501.0625),61.079164013705025
x0nsdiv2,sec9plus6,4,tensor(164406.0781),122.51930011630114
x0nsdiv2,secincr20,3,tensor(41169.3633),99.62377942811855
x0nsdiv2,sec15,3,tensor(158375.8750),75.80441820896714
x0nsdiv2,sec25,1,tensor(30641.4648),50.10643705797173
x0nsdiv2,sec25,3,tensor(26620.3652),83.66478415990427
x0nsdiv2,sec25,5,tensor(215991.2969),100.80042948276008
x0nsdiv2,secincr20,5,tensor(45641.4219),107.81952667581706
x0nsdiv2,sec25,7,tensor(50588.0117),38.581858146670925
x0nsdiv2,sec18plus7,5,tensor(53786.9766),170.31960073862209
x0nsdiv2,sec25,8,tensor(69457.6328),61.85473614852857
x0nsdiv2,sec15,8,tensor(51170.1758),30.610935098933872
x0nsdiv2,sec9plus6,3,tensor(181740.0312),101.17635084008026
x0nsdiv2,sec18plus7,6,tensor(50431.4766),190.44365182015733
x0nsdiv2,sec15,4,tensor(43746.3008),60.15554402024566
x0nsdiv2,sec20,8,tensor(113390.5312),168.2210348948681
x0nsdiv2,secincr20,6,tensor(49749.6719),70.61325688705341
x0nsdiv2,sec25,4,tensor(94569.8750),53.65435007698885
x0nsdiv2,sec9plus6,7,tensor(196818.7344),153.02745710297805
x0nsdiv2,sec9plus6,2,tensor(31873.1191),123.68270526573417
x0nsdiv2,sec9plus6,6,tensor(67283.2344),123.90612818526705
x0nsdiv2,sec20,2,tensor(43769.7031),113.91909260229588
x0nsdiv2,sec20,1,tensor(17849.9023),78.45683870881106
x0nsdiv2,sec15,6,tensor(298592.8125),36.18214511828165
x0nsdiv2,sec20,5,tensor(78146.6094),154.31559242949652
x0nsdiv2,sec18plus7,4,tensor(47765.1445),180.28214904591744
x0nsdiv2,sec18plus7,7,tensor(151225.5469),182.2820998364954
x0nsdiv2,secincr20,1,tensor(19996.0703),92.12087938784474
x0nsdiv2,sec18plus7,1,tensor(45541.3672),80.05991137993719
x0nsdiv2,sec9plus6,8,tensor(289406.3750),116.01512731066003
x0nsdiv2,sec15,1,tensor(80019.6094),85.14650005514993
x0nsdiv2,sec20,6,tensor(46366.7500),192.25881768740805
x0nsdiv2,sec20,3,tensor(22037.6328),133.30174797614163
x0nsdiv2,sec18plus7,2,tensor(41165.8047),3.6812236633300763
x0nsdiv2,secincr20,7,tensor(27493.2441),9.60814670715332
x0nsdiv2,sec25,2,tensor(58417.0938),2.438283651733393
x0nsdiv2,sec18plus7,3,tensor(26546.0859),14.027437393188467
x0nsdiv2,secincr20,8,tensor(34464.2227),6.547802172851558
x0nsdiv2,sec9plus6,5,tensor(31857.8047),2.1052389953613293
x0nsdiv2,sec9plus6,1,tensor(50975.2383),10.920853280639651
x0nsdiv2,sec18plus7,8,tensor(35398.8906),18.368847583007824
x0nsdiv2,sec20,7,tensor(44215.1953),14.143477929687496
x0nsdiv2,sec15,7,tensor(41642.5312),27.58298845825195
x0nsdiv2,sec20,4,tensor(30036.2344),7.127756579589846
x0nsdiv2,sec15,2,tensor(51221.1562),10.842404693603509
x0nsdiv2,sec25,6,tensor(35212.5039),23.04633991088868
x0nsdiv2,secincr20,2,tensor(45100.4961),0.6449299041748127
x0nsdiv2,secincr20,4,tensor(33220.1328),0.9892667266845621
x0nsdiv2,sec15,5,tensor(35135.1758),7.951565206909169
x0nsdiv2,sec9plus6,4,tensor(34061.9062),1.0804498779296878
x0nsdiv2,secincr20,3,tensor(25945.1289),0.4146740539550855
x0nsdiv2,sec15,3,tensor(31910.6152),12.03658834228516
x0nsdiv2,sec25,1,tensor(37539.0391),3.4838091064453067
x0nsdiv2,sec25,3,tensor(26080.7344),1.6697150573730397
x0nsdiv2,sec25,5,tensor(38506.9609),6.521705752563474
x0nsdiv2,secincr20,5,tensor(29186.3145),7.96759786682129
x0nsdiv2,sec25,7,tensor(33924.0703),18.30700188903808
x0nsdiv2,sec18plus7,5,tensor(34865.1172),11.294312429809569
x0nsdiv2,sec25,8,tensor(36369.8711),26.250575012207012
x0nsdiv2,sec15,8,tensor(44902.9102),37.806524856567364
x0nsdiv2,sec9plus6,3,tensor(28270.3984),8.891367102050776
x0nsdiv2,sec18plus7,6,tensor(30144.0605),10.100457424926756
x0nsdiv2,sec15,4,tensor(42481.1523),17.468598727416985
x0nsdiv2,sec20,8,tensor(44547.2852),28.61255031738281
x0nsdiv2,secincr20,6,tensor(36604.7734),7.000883065795886
x0nsdiv2,sec25,4,tensor(30388.4062),13.079612142944338
x0nsdiv2,sec9plus6,7,tensor(28831.3320),6.117691848754877
x0nsdiv2,sec9plus6,2,tensor(41358.6211),16.34718440856933
x0nsdiv2,sec9plus6,6,tensor(35430.9609),6.419750537109369
x0nsdiv2,sec20,2,tensor(32758.0195),18.00719910583496
x0nsdiv2,sec20,1,tensor(35291.3984),17.326426702880863
x0nsdiv2,sec15,6,tensor(44394.4180),27.454882711792
x0nsdiv2,sec20,5,tensor(31709.0840),11.107309277343742
x0nsdiv2,sec18plus7,4,tensor(37681.4258),9.611731671142568
x0nsdiv2,sec18plus7,7,tensor(35292.4492),22.669764840698225
x0nsdiv2,secincr20,1,tensor(51250.7930),13.494009323120114
x0nsdiv2,sec18plus7,1,tensor(60982.5469),27.802192834472645
x0nsdiv2,sec9plus6,8,tensor(36492.4258),10.450211376953131
x0nsdiv2,sec15,1,tensor(54213.2266),2.0963061187744145
x0nsdiv2,sec20,6,tensor(32531.1152),10.504589022827151
x0nsdiv2,sec20,3,tensor(22061.5000),5.513389596557605
x0nsdiv2,sec18plus7,2,tensor(76758.1250),583.1774406067681
x0nsdiv2,secincr20,7,tensor(9953.5645),358.85614232925616
x0nsdiv2,sec25,2,tensor(36101.1602),218.50926967304682
x0nsdiv2,sec18plus7,3,tensor(67587.4297),322.96140694449423
x0nsdiv2,secincr20,8,tensor(4225.5737),322.80710223991144
x0nsdiv2,sec9plus6,5,tensor(16562.8926),446.3400970547957
x0nsdiv2,sec9plus6,1,tensor(44390.3203),335.1351326303352
x0nsdiv2,sec18plus7,8,tensor(216.2993),153.15025670863056
x0nsdiv2,sec20,7,tensor(6649.2988),252.03359115327316
x0nsdiv2,sec15,7,tensor(4373.1416),287.0771913667462
x0nsdiv2,sec20,4,tensor(48187.2305),242.31949603721432
x0nsdiv2,sec15,2,tensor(46365.9766),444.60298729340076
x0nsdiv2,sec25,6,tensor(17911.6777),249.466844964653
x0nsdiv2,secincr20,2,tensor(40308.3203),367.84396919654046
x0nsdiv2,secincr20,4,tensor(50350.0352),521.6557474958553
x0nsdiv2,sec15,5,tensor(9001.4580),286.02701580996126
x0nsdiv2,sec9plus6,4,tensor(32887.9609),505.66702048712
x0nsdiv2,secincr20,3,tensor(45744.3984),225.1868807130533
x0nsdiv2,sec15,3,tensor(53586.2578),372.49626856831304
x0nsdiv2,sec25,1,tensor(54476.9648),240.5647572458212
x0nsdiv2,sec25,3,tensor(42437.0078),257.1566134083028
x0nsdiv2,sec25,5,tensor(20796.3633),243.60843304781454
x0nsdiv2,secincr20,5,tensor(42116.6055),401.1321140020801
x0nsdiv2,sec25,7,tensor(5010.3594),192.80409935979432
x0nsdiv2,sec18plus7,5,tensor(14243.0195),293.1627344769371
x0nsdiv2,sec25,8,tensor(3607.1506),147.08229061763817
x0nsdiv2,sec15,8,tensor(26.2406),125.48717991623566
x0nsdiv2,sec9plus6,3,tensor(58031.3125),402.8535431175121
x0nsdiv2,sec18plus7,6,tensor(1276.6372),251.6825313035869
x0nsdiv2,sec15,4,tensor(43432.2266),447.20987361096087
x0nsdiv2,sec20,8,tensor(3456.5703),256.3260766934574
x0nsdiv2,secincr20,6,tensor(15889.6455),471.2484153102508
x0nsdiv2,sec25,4,tensor(28476.5566),284.96836439305076
x0nsdiv2,sec9plus6,7,tensor(6351.9697),278.1562122120951
x0nsdiv2,sec9plus6,2,tensor(90044.4219),470.1519500211297
x0nsdiv2,sec9plus6,6,tensor(20614.2871),430.69470784267946
x0nsdiv2,sec20,2,tensor(37383.8047),306.13800744084904
x0nsdiv2,sec20,1,tensor(49146.9531),290.7417609084899
x0nsdiv2,sec15,6,tensor(8073.6392),312.08529945255964
x0nsdiv2,sec20,5,tensor(54366.1133),371.58335700426335
x0nsdiv2,sec18plus7,4,tensor(9328.0547),317.5009815767376
x0nsdiv2,sec18plus7,7,tensor(162.8725),110.43407228240267
x0nsdiv2,secincr20,1,tensor(24226.8262),231.3537764733953
x0nsdiv2,sec18plus7,1,tensor(100114.0078),422.3971946999114
x0nsdiv2,sec9plus6,8,tensor(595.1791),151.67243667723292
x0nsdiv2,sec15,1,tensor(60526.2148),351.1362311932407
x0nsdiv2,sec20,6,tensor(12129.5547),295.3212679823654
x0nsdiv2,sec20,3,tensor(34790.5000),310.220269015311
x0nsdiv2,sec18plus7,2,tensor(25530.4590),68.0430817673695
x0nsdiv2,secincr20,7,tensor(1870.7241),107.96295463103999
x0nsdiv2,sec25,2,tensor(33550.8789),53.79070580308666
x0nsdiv2,sec18plus7,3,tensor(46698.3867),32.95671457854912
x0nsdiv2,secincr20,8,tensor(5133.5308),35.95011744233581
x0nsdiv2,sec9plus6,5,tensor(31822.5273),121.54643164511432
x0nsdiv2,sec9plus6,1,tensor(77485.8047),88.6549991754147
x0nsdiv2,sec18plus7,8,tensor(1646.8977),89.10166201635332
x0nsdiv2,sec20,7,tensor(348.9133),147.56344936240873
x0nsdiv2,sec15,7,tensor(217.2426),269.651647358343
x0nsdiv2,sec20,4,tensor(17345.7070),109.20608056719848
x0nsdiv2,sec15,2,tensor(84182.9141),65.28489369814817
x0nsdiv2,sec25,6,tensor(12645.7441),87.03306639007518
x0nsdiv2,secincr20,2,tensor(20197.8789),105.34242175088308
x0nsdiv2,secincr20,4,tensor(945.9827),112.70788806937979
x0nsdiv2,sec15,5,tensor(3560.7214),204.32152256571067
x0nsdiv2,sec9plus6,4,tensor(30836.0488),60.7731172634886
x0nsdiv2,secincr20,3,tensor(131.3802),124.19975113236887
x0nsdiv2,sec15,3,tensor(18512.6484),108.38600314662803
x0nsdiv2,sec25,1,tensor(29116.4922),44.607735220711575
x0nsdiv2,sec25,3,tensor(47955.6562),31.22244008519702
x0nsdiv2,sec25,5,tensor(27695.2109),71.32632941436356
x0nsdiv2,secincr20,5,tensor(3629.0872),78.85224705763675
x0nsdiv2,sec25,7,tensor(4935.9507),106.2268673539355
x0nsdiv2,sec18plus7,5,tensor(10775.6074),69.08635736014662
x0nsdiv2,sec25,8,tensor(20644.7051),98.09672354929765
x0nsdiv2,sec15,8,tensor(302.5524),258.85513047362224
x0nsdiv2,sec9plus6,3,tensor(95752.2812),45.7497663399927
x0nsdiv2,sec18plus7,6,tensor(9778.6465),51.321097968654925
x0nsdiv2,sec15,4,tensor(44961.2578),150.92060238068137
x0nsdiv2,sec20,8,tensor(178.5806),140.48794231342586
x0nsdiv2,secincr20,6,tensor(1640.2451),64.43072097968127
x0nsdiv2,sec25,4,tensor(22971.6504),74.1322746957683
x0nsdiv2,sec9plus6,7,tensor(12541.8223),52.86301259133158
x0nsdiv2,sec9plus6,2,tensor(57779.4883),56.028072738853766
x0nsdiv2,sec9plus6,6,tensor(29533.4746),116.34599503908625
x0nsdiv2,sec20,2,tensor(65523.7969),71.7190518747993
x0nsdiv2,sec20,1,tensor(37077.0195),42.469461419377346
x0nsdiv2,sec15,6,tensor(347.6687),241.33016610442144
x0nsdiv2,sec20,5,tensor(22333.1465),204.15023239243027
x0nsdiv2,sec18plus7,4,tensor(35752.3398),42.133592043392326
x0nsdiv2,sec18plus7,7,tensor(22110.5059),69.53626514886635
x0nsdiv2,secincr20,1,tensor(16408.4531),59.667255085954935
x0nsdiv2,sec18plus7,1,tensor(26972.5664),63.292586933670336
x0nsdiv2,sec9plus6,8,tensor(7185.5352),76.35454233766826
x0nsdiv2,sec15,1,tensor(88746.9062),60.33934790950134
x0nsdiv2,sec20,6,tensor(13275.9385),194.06299603855757
x0nsdiv2,sec20,3,tensor(10172.2871),121.82765810086059
x0nsdiv2,sec18plus7,2,tensor(186319.4844),228.25147314136527
x0nsdiv2,secincr20,7,tensor(429630.3125),472.85072391103455
x0nsdiv2,sec25,2,tensor(442386.2188),338.1508157096483
x0nsdiv2,sec18plus7,3,tensor(109143.9688),317.50453045903424
x0nsdiv2,secincr20,8,tensor(634185.8750),513.4199412815154
x0nsdiv2,sec9plus6,5,tensor(412376.1562),151.8827355681093
x0nsdiv2,sec9plus6,1,tensor(77385.3672),440.5179123424349
x0nsdiv2,sec18plus7,8,tensor(50991.9062),22.46647124171527
x0nsdiv2,sec20,7,tensor(722420.1250),49.05721024969537
x0nsdiv2,sec15,7,tensor(95665.9844),371.22285646862457
x0nsdiv2,sec20,4,tensor(625482.7500),84.23993403030362
x0nsdiv2,sec15,2,tensor(54682.9336),277.0579674422336
x0nsdiv2,sec25,6,tensor(358747.0625),432.9101662008671
x0nsdiv2,secincr20,2,tensor(341777.8125),395.7929705340846
x0nsdiv2,secincr20,4,tensor(443026.8125),455.9909760481646
x0nsdiv2,sec15,5,tensor(371772.4375),495.7081646746248
x0nsdiv2,sec9plus6,4,tensor(918227.),133.41977163885727
x0nsdiv2,secincr20,3,tensor(814161.5000),433.5502133326196
x0nsdiv2,sec15,3,tensor(382566.3125),378.8254251847732
x0nsdiv2,sec25,1,tensor(121324.2109),389.16219848840416
x0nsdiv2,sec25,3,tensor(691316.6250),280.1332335893799
x0nsdiv2,sec25,5,tensor(583511.6250),397.86026883828134
x0nsdiv2,secincr20,5,tensor(613157.9375),571.5575109728339
x0nsdiv2,sec25,7,tensor(581261.8125),486.35680507802635
x0nsdiv2,sec18plus7,5,tensor(60438.0547),236.67160037964106
x0nsdiv2,sec25,8,tensor(888751.1875),307.6408673824908
x0nsdiv2,sec15,8,tensor(788231.5000),406.6829644633529
x0nsdiv2,sec9plus6,3,tensor(216327.0938),256.9237983534936
x0nsdiv2,sec18plus7,6,tensor(581306.6875),63.494647225014475
x0nsdiv2,sec15,4,tensor(369183.2188),411.7248909262574
x0nsdiv2,sec20,8,tensor(1353867.3750),16.40778309958322
x0nsdiv2,secincr20,6,tensor(619972.5625),369.1330051541059
x0nsdiv2,sec25,4,tensor(300829.3125),320.96239756564705
x0nsdiv2,sec9plus6,7,tensor(132405.9375),33.318777590381856
x0nsdiv2,sec9plus6,2,tensor(23244.2324),253.29205805590365
x0nsdiv2,sec9plus6,6,tensor(822439.5625),58.9614864779708
x0nsdiv2,sec20,2,tensor(356951.6562),149.5212769205608
x0nsdiv2,sec20,1,tensor(55084.0312),411.1695448589974
x0nsdiv2,sec15,6,tensor(1015226.1250),266.79546563046864
x0nsdiv2,sec20,5,tensor(1167024.7500),76.58927520764928
x0nsdiv2,sec18plus7,4,tensor(92063.6016),195.21075662085255
x0nsdiv2,sec18plus7,7,tensor(350655.9062),153.50923070669717
x0nsdiv2,secincr20,1,tensor(562360.8750),437.15679211302944
x0nsdiv2,sec18plus7,1,tensor(809714.8750),226.49248403648667
x0nsdiv2,sec9plus6,8,tensor(41545.5938),37.44120633412921
x0nsdiv2,sec15,1,tensor(846238.1250),434.81818359617205
x0nsdiv2,sec20,6,tensor(772980.8750),66.4182274098299
x0nsdiv2,sec20,3,tensor(469869.9062),262.82646973062805
nophys,sec9plus6,3,tensor(4534.8247),57.81812955373658
nophys,sec25,2,tensor(1356.5707),47.27734830207877
nophys,sec9plus6,2,tensor(5597.3486),46.41207212946328
nophys,sec20,5,tensor(316.5995),24.367290111729982
nophys,sec9plus6,5,tensor(6696.6152),59.908038179493424
nophys,secincr20,7,tensor(2002.1628),70.22757025011096
nophys,sec20,6,tensor(119.6989),26.328107323566677
nophys,sec15,4,tensor(3998.8530),46.83699311255977
nophys,sec18plus7,5,tensor(1278.0460),44.020329721916205
nophys,sec25,8,tensor(3011.8057),75.48880782673507
nophys,secincr20,4,tensor(5444.1055),47.96107317128836
nophys,sec20,4,tensor(383.4147),31.8800611655709
nophys,sec18plus7,4,tensor(1410.6166),44.65957507594995
nophys,secincr20,1,tensor(1445.8140),45.02570629335733
nophys,sec25,1,tensor(1056.7688),46.28403355817333
nophys,sec18plus7,3,tensor(3141.2976),44.95768427643748
nophys,sec15,8,tensor(1928.7819),57.51135563364716
nophys,sec15,6,tensor(1706.1116),58.4200860813982
nophys,secincr20,3,tensor(2404.5464),45.916265063719706
nophys,sec9plus6,8,tensor(2511.8396),79.49234200819092
nophys,sec15,7,tensor(2202.9705),50.79265341320529
nophys,sec20,8,tensor(76.5760),14.869131140926942
nophys,sec18plus7,7,tensor(1250.0847),44.39860238333858
nophys,sec25,7,tensor(3921.0562),58.230187419098726
nophys,sec25,3,tensor(3340.8501),51.15065203451257
nophys,sec15,5,tensor(1941.8733),42.14258722915753
nophys,sec20,1,tensor(494.3981),39.26314659688526
nophys,sec9plus6,1,tensor(1464.0486),48.649094070013206
nophys,sec25,6,tensor(6534.8369),76.52680842830024
nophys,sec20,3,tensor(969.5464),38.02546256718564
nophys,sec18plus7,8,tensor(909.3159),49.03818119959144
nophys,secincr20,5,tensor(2675.2632),47.50594895908119
nophys,sec20,7,tensor(52.2247),17.62470847354749
nophys,sec25,4,tensor(2676.8096),48.78518859117265
nophys,secincr20,8,tensor(2874.9761),65.54180746566337
nophys,sec9plus6,7,tensor(2714.4041),71.16274080151288
nophys,sec9plus6,4,tensor(2810.4321),63.34570080406151
nophys,sec25,5,tensor(5784.4023),59.33100054608367
nophys,sec15,2,tensor(1971.1139),49.23578333994985
nophys,sec18plus7,2,tensor(618.2252),50.70957031526302
nophys,secincr20,6,tensor(2111.7905),54.41578012572635
nophys,secincr20,2,tensor(2398.4297),41.149331531032495
nophys,sec9plus6,6,tensor(5018.9375),72.81151764896886
nophys,sec15,1,tensor(348.7187),38.32121544868603
nophys,sec20,2,tensor(1138.1152),39.58537537698672
nophys,sec15,3,tensor(1529.0542),46.96695956864362
nophys,sec18plus7,1,tensor(1112.4952),52.7665935911815
nophys,sec18plus7,6,tensor(2019.4429),67.91575203270006
nophys,sec9plus6,3,tensor(53083.5781),2.504169073486324
nophys,sec25,2,tensor(49628.7695),3.607800366210938
nophys,sec9plus6,2,tensor(51892.5781),0.4639725708007738
nophys,sec20,5,tensor(57576.0469),13.594254632568369
nophys,sec9plus6,5,tensor(51167.4062),9.356500317382809
nophys,secincr20,7,tensor(44866.7188),37.64796137695311
nophys,sec20,6,tensor(58926.6445),10.225929290771486
nophys,sec15,4,tensor(53286.6406),3.0309278594970657
nophys,sec18plus7,5,tensor(51933.1719),21.005058410644533
nophys,sec25,8,tensor(50392.9961),49.29877635192871
nophys,secincr20,4,tensor(46189.3086),11.52208110961914
nophys,sec20,4,tensor(58840.5586),4.429922824096675
nophys,sec18plus7,4,tensor(49166.7266),9.593142541503912
nophys,secincr20,1,tensor(54448.1641),8.531965313720704
nophys,sec25,1,tensor(52354.2344),4.2557467742919926
nophys,sec18plus7,3,tensor(51344.0039),6.465168823242184
nophys,sec15,8,tensor(56055.4219),25.833745617675763
nophys,sec15,6,tensor(54315.2695),18.26124521789551
nophys,secincr20,3,tensor(47583.4336),0.7341312500000008
nophys,sec9plus6,8,tensor(52412.4727),35.218564108276354
nophys,sec15,7,tensor(55573.6836),22.496615765380856
nophys,sec20,8,tensor(60675.5625),25.024608489990232
nophys,sec18plus7,7,tensor(49128.8203),19.806380764770505
nophys,sec25,7,tensor(48251.7305),35.67188646850586
nophys,sec25,3,tensor(47724.6133),8.386606835937503
nophys,sec15,5,tensor(54033.7539),5.650356353759758
nophys,sec20,1,tensor(52972.5938),4.122295968627935
nophys,sec9plus6,1,tensor(52810.4023),5.913075564575202
nophys,sec25,6,tensor(46016.2969),35.110633795165995
nophys,sec20,3,tensor(57005.6953),9.249886816406235
nophys,sec18plus7,8,tensor(49926.7617),35.686475149536136
nophys,secincr20,5,tensor(45369.7266),20.627712429809566
nophys,sec20,7,tensor(60115.4297),24.65912806091309
nophys,sec25,4,tensor(50985.7734),26.29872184753417
nophys,secincr20,8,tensor(43943.8398),40.42715974121094
nophys,sec9plus6,7,tensor(52775.6250),26.38237197570801
nophys,sec9plus6,4,tensor(51812.8164),3.864967678833001
nophys,sec25,5,tensor(49971.2695),18.11140863342285
nophys,sec15,2,tensor(54309.6250),12.928142089843751
nophys,sec18plus7,2,tensor(53619.8594),10.619806549072273
nophys,secincr20,6,tensor(43831.1172),31.514457168579096
nophys,secincr20,2,tensor(49093.0312),3.641077731323243
nophys,sec9plus6,6,tensor(51586.3867),15.626987423706051
nophys,sec15,1,tensor(52419.0859),5.519812377929689
nophys,sec20,2,tensor(56348.2109),14.09706002502442
nophys,sec15,3,tensor(52503.8594),0.0358369323730407
nophys,sec18plus7,1,tensor(53354.5000),7.1598178649902415
nophys,sec18plus7,6,tensor(48593.7148),19.83549017333984
nophys,sec9plus6,3,tensor(2840.2852),37.47471697456585
nophys,sec25,2,tensor(4280.8467),60.34475705465738
nophys,sec9plus6,2,tensor(3323.7285),51.58257820227898
nophys,sec20,5,tensor(679.7839),26.73905374764502
nophys,sec9plus6,5,tensor(504.2472),32.45998020640814
nophys,secincr20,7,tensor(7057.0303),81.14791852958199
nophys,sec20,6,tensor(443.7137),21.796173527855423
nophys,sec15,4,tensor(4716.5732),48.10825871885046
nophys,sec18plus7,5,tensor(815.2148),30.90352164462724
nophys,sec25,8,tensor(5723.5571),70.61511417311064
nophys,secincr20,4,tensor(12663.0674),72.30895830223533
nophys,sec20,4,tensor(1787.2651),37.952321609821176
nophys,sec18plus7,4,tensor(1514.6592),32.6343834689139
nophys,secincr20,1,tensor(3903.9102),55.470208374175954
nophys,sec25,1,tensor(2635.6982),43.55970634514468
nophys,sec18plus7,3,tensor(2260.3452),51.79785841338487
nophys,sec15,8,tensor(3539.4468),49.53384840463608
nophys,sec15,6,tensor(6844.6963),60.57657495234124
nophys,secincr20,3,tensor(5529.1904),56.90462841842632
nophys,sec9plus6,8,tensor(36.9072),19.044385523162543
nophys,sec15,7,tensor(2103.3052),57.27361138410144
nophys,sec20,8,tensor(148.3036),20.69254983936136
nophys,sec18plus7,7,tensor(76.2888),19.463295335622693
nophys,sec25,7,tensor(16397.0703),58.93296998265087
nophys,sec25,3,tensor(10812.1543),45.172534191126815
nophys,sec15,5,tensor(3323.2261),60.82723788666954
nophys,sec20,1,tensor(2201.7473),53.220583107410896
nophys,sec9plus6,1,tensor(4545.3657),69.68821512942809
nophys,sec25,6,tensor(7351.9458),78.59370874216636
nophys,sec20,3,tensor(3713.7695),27.3992060701433
nophys,sec18plus7,8,tensor(35.7707),16.92342328091852
nophys,secincr20,5,tensor(17820.7422),64.84057824366393
nophys,sec20,7,tensor(74.8035),14.642233877567293
nophys,sec25,4,tensor(7822.8672),62.620148855365855
nophys,secincr20,8,tensor(5985.0635),102.40270118443284
nophys,sec9plus6,7,tensor(275.7427),30.415117364682438
nophys,sec9plus6,4,tensor(1936.5682),47.43529460609878
nophys,sec25,5,tensor(15181.4385),40.9812701255865
nophys,sec15,2,tensor(3749.6782),42.19259511366927
nophys,sec18plus7,2,tensor(1596.4989),41.13341673152341
nophys,secincr20,6,tensor(8739.3740),78.61651308186
nophys,secincr20,2,tensor(7383.1797),52.80421227229132
nophys,sec9plus6,6,tensor(799.3242),40.918416663141656
nophys,sec15,1,tensor(4692.4253),50.19433073896212
nophys,sec20,2,tensor(3471.6863),54.22862828964494
nophys,sec15,3,tensor(6289.9463),64.247038040892
nophys,sec18plus7,1,tensor(2785.3101),54.92979424161645
nophys,sec18plus7,6,tensor(142.2147),30.500036701169027
nophys,sec9plus6,3,tensor(201460.8594),73.77977556689743
nophys,sec25,2,tensor(91862.6797),77.6680703212146
nophys,sec9plus6,2,tensor(71539.6016),89.01427074739777
nophys,sec20,5,tensor(12972.6992),147.8839944165871
nophys,sec9plus6,5,tensor(95022.9922),67.57025391582285
nophys,secincr20,7,tensor(66934.2109),348.35270619946857
nophys,sec20,6,tensor(12916.3125),213.3109642841675
nophys,sec15,4,tensor(197500.3281),83.03788857178922
nophys,sec18plus7,5,tensor(109230.0625),63.30562010992534
nophys,sec25,8,tensor(371130.8750),25.743205300017003
nophys,secincr20,4,tensor(173441.1719),245.1216612135545
nophys,sec20,4,tensor(49238.3242),107.36358848889496
nophys,sec18plus7,4,tensor(139130.1406),44.77675683540934
nophys,secincr20,1,tensor(17404.9297),60.47092868109662
nophys,sec25,1,tensor(17097.4688),61.70659304464617
nophys,sec18plus7,3,tensor(161751.5781),57.23194657486151
nophys,sec15,8,tensor(245550.0781),79.9053313697332
nophys,sec15,6,tensor(89788.4375),100.04695856435806
nophys,secincr20,3,tensor(54219.2500),143.25764622128673
nophys,sec9plus6,8,tensor(213032.3906),11.597056989736846
nophys,sec15,7,tensor(103165.8984),110.06561016043564
nophys,sec20,8,tensor(29846.4473),183.2870576486129
nophys,sec18plus7,7,tensor(71728.7344),53.23752446687822
nophys,sec25,7,tensor(324643.9375),27.909109087748558
nophys,sec25,3,tensor(105056.4531),72.42031166320108
nophys,sec15,5,tensor(80723.5000),113.52803296202129
nophys,sec20,1,tensor(11485.7686),59.03894770010025
nophys,sec9plus6,1,tensor(35992.4023),72.24181779002163
nophys,sec25,6,tensor(123452.0078),70.45125137089781
nophys,sec20,3,tensor(6436.6377),64.63371356079037
nophys,sec18plus7,8,tensor(58238.1406),62.44262730798056
nophys,secincr20,5,tensor(68900.0781),278.4760661148393
nophys,sec20,7,tensor(3756.8975),138.6283648064357
nophys,sec25,4,tensor(195495.6875),80.0052150480808
nophys,secincr20,8,tensor(58248.7344),464.2322091349658
nophys,sec9plus6,7,tensor(145991.6875),49.7820309380572
nophys,sec9plus6,4,tensor(281637.6562),37.92750659899302
nophys,sec25,5,tensor(255155.0781),77.5795289984002
nophys,sec15,2,tensor(65899.5625),54.74828088161041
nophys,sec18plus7,2,tensor(58613.1992),64.95048316637846
nophys,secincr20,6,tensor(147192.9375),312.86265336197084
nophys,secincr20,2,tensor(66021.3125),85.38419527308628
nophys,sec9plus6,6,tensor(115557.4219),45.35461555344791
nophys,sec15,1,tensor(25750.6953),73.51464804138217
nophys,sec20,2,tensor(35755.0352),61.76333293842586
nophys,sec15,3,tensor(162395.5938),75.87177227509223
nophys,sec18plus7,1,tensor(42710.9688),70.46790573260408
nophys,sec18plus7,6,tensor(102764.3828),28.49051745895956
nophys,sec9plus6,3,tensor(229010.5625),147.40827509605427
nophys,sec25,2,tensor(8847.5469),133.57234253526545
nophys,sec9plus6,2,tensor(63568.9219),133.87044626677118
nophys,sec20,5,tensor(16979.9727),274.11661459475147
nophys,sec9plus6,5,tensor(337175.),99.06692426166838
nophys,secincr20,7,tensor(207285.2188),729.4506989357964
nophys,sec20,6,tensor(111414.0703),325.41536923709094
nophys,sec15,4,tensor(49412.9297),241.0009870020981
nophys,sec18plus7,5,tensor(93374.9766),312.579651743917
nophys,sec25,8,tensor(137234.3750),504.763961671972
nophys,secincr20,4,tensor(121607.8203),385.5055154056506
nophys,sec20,4,tensor(20982.1309),143.21923664962355
nophys,sec18plus7,4,tensor(143142.5938),251.70338758049093
nophys,secincr20,1,tensor(2079.8491),83.81896150787942
nophys,sec25,1,tensor(4961.3242),61.38261591766427
nophys,sec18plus7,3,tensor(76699.9375),206.12329859744392
nophys,sec15,8,tensor(383307.4688),360.1536080777781
nophys,sec15,6,tensor(218410.7656),248.39202687313227
nophys,secincr20,3,tensor(9190.3848),254.72218027569
nophys,sec9plus6,8,tensor(506648.2500),138.5981167168304
nophys,sec15,7,tensor(361578.2188),336.8990067505783
nophys,sec20,8,tensor(227688.3281),298.6187265941076
nophys,sec18plus7,7,tensor(88804.6641),321.64565487405343
nophys,sec25,7,tensor(68105.3906),415.5666803513525
nophys,sec25,3,tensor(2563.9675),187.1519091134709
nophys,sec15,5,tensor(103451.2188),222.3552332313693
nophys,sec20,1,tensor(14770.8828),39.88975359469044
nophys,sec9plus6,1,tensor(7802.8330),95.5319523054456
nophys,sec25,6,tensor(115471.7734),352.196379595603
nophys,sec20,3,tensor(5315.5337),138.98148239334694
nophys,sec18plus7,8,tensor(201904.7344),400.1826310687595
nophys,secincr20,5,tensor(39903.2852),496.16421433533134
nophys,sec20,7,tensor(95038.5703),258.389833296778
nophys,sec25,4,tensor(36369.9023),212.32108004022888
nophys,secincr20,8,tensor(105799.3203),843.017809761895
nophys,sec9plus6,7,tensor(323094.6250),130.05830927392523
nophys,sec9plus6,4,tensor(265468.6875),179.84625900251257
nophys,sec25,5,tensor(112589.8281),326.877811732476
nophys,sec15,2,tensor(7433.0811),104.81006696921628
nophys,sec18plus7,2,tensor(12686.0371),152.4478863458785
nophys,secincr20,6,tensor(176272.9062),633.0225605975473
nophys,secincr20,2,tensor(1526.2671),142.47333794980904
nophys,sec9plus6,6,tensor(298318.9688),106.49249598336598
nophys,sec15,1,tensor(164.2073),62.957206440620695
nophys,sec20,2,tensor(519.2642),98.3612258320763
nophys,sec15,3,tensor(22401.0410),162.50885852826693
nophys,sec18plus7,1,tensor(233.8172),97.46266811072418
nophys,sec18plus7,6,tensor(39974.3789),384.09553351369846
k01,fix,7,tensor(40024.9648),519.29399017707
k01,fix,4,tensor(79230.0469),316.26219603442246
k01,fix,8,tensor(33243.6367),301.70054928325004
k01,fix,8,tensor(38362.1406),469.3754798678479
k01,fix,6,tensor(111048.7734),515.1630948413385
k1,fix,8,tensor(313856.5312),158.23074467228568
k1,fix,1,tensor(41258.7656),224.3073932652886
k01,fix,1,tensor(91280.3672),306.7811587788283
k01,fix,2,tensor(79175.0234),319.12586591728353
k01,fix,4,tensor(43925.9648),317.20961242371845
k01,fix,7,tensor(31860.6426),300.15275669054733
k01,fix,8,tensor(96788.2656),386.8316882139096
k01,fix,1,tensor(68313.5938),474.9742524892618
k01,fix,7,tensor(28676.5508),363.6224258996179
k1,fix,8,tensor(99708.1328),367.97524844817633
k01,fix,5,tensor(36680.2031),339.9176617920696
k1,fix,2,tensor(40405.6914),383.119113492124
k1,fix,1,tensor(5196.1743),342.67932701542566
k1,fix,2,tensor(17698.6074),465.5412034828666
k01,fix,6,tensor(49006.3906),326.32641704485076
k01,fix,2,tensor(217925.5625),557.9364994682841
k01,fix,6,tensor(77941.2031),599.327563975288
k1,fix,4,tensor(59083.2344),260.4556511343201
k01,fix,6,tensor(37331.5312),436.0176297244361
k1,fix,4,tensor(22543.6719),328.0489001155386
k01,fix,4,tensor(37830.2148),534.9154872661157
k1,fix,6,tensor(43594.7422),407.5852388077162
k01,fix,5,tensor(58958.0664),352.4131474907229
k01,fix,3,tensor(475615.4375),552.9235059704484
k1,fix,3,tensor(143042.8438),246.04209100698228
k01,fix,5,tensor(34209.3594),379.4799260579391
k01,fix,3,tensor(70973.7422),318.8363814278392
k1,fix,8,tensor(200988.),509.0103564627195
k01,fix,8,tensor(83389.5625),591.0774595537787
k1,fix,3,tensor(38152.6680),255.90555862972454
k1,fix,7,tensor(64471.3516),411.40552439588186
k01,fix,5,tensor(89815.4609),500.07199439985163
k1,fix,2,tensor(44902.0547),360.3903805001822
k01,fix,3,tensor(81881.4453),510.40032778006434
k1,fix,6,tensor(208076.9062),119.58034668383202
k1,fix,6,tensor(91123.6406),170.7072257736572
k1,fix,3,tensor(80794.0625),533.8604363941834
k01,fix,2,tensor(47958.4219),363.2051531894005
k01,fix,5,tensor(40411.6797),560.538698285346
k01,fix,1,tensor(208210.3125),432.22066061590635
k1,fix,3,tensor(36438.9844),401.26097984883836
k01,fix,7,tensor(62718.1328),391.96413847481637
k1,fix,2,tensor(94313.0781),362.61356927432206
k01,fix,1,tensor(61968.6680),568.6030545111639
k1,fix,7,tensor(310892.6875),124.64015590103034
k1,fix,5,tensor(65258.3906),435.8931784191624
k1,fix,7,tensor(271106.),287.7754254667076
k01,fix,8,tensor(36618.5469),304.0501899356592
k1,fix,3,tensor(96278.4609),545.2538744545243
k1,fix,8,tensor(681051.),294.69808523403475
k1,fix,4,tensor(72192.5938),534.4536759258665
k1,fix,8,tensor(118383.3594),319.51817643669415
k1,fix,4,tensor(97658.9766),145.29503170512498
k1,fix,1,tensor(2595.7949),244.69342901006223
k1,fix,6,tensor(315372.2500),383.31026508820014
k01,fix,4,tensor(27421.5410),345.50756773769507
k1,fix,5,tensor(149254.9844),100.77587799445273
k01,fix,7,tensor(31362.9688),293.63889393217164
k01,fix,2,tensor(40049.0391),287.99035214190576
k01,fix,3,tensor(191500.6094),585.3674458218354
k1,fix,5,tensor(214993.6562),573.4406663541505
k01,fix,2,tensor(94748.4062),396.52516533509265
k01,fix,1,tensor(145532.3281),326.85813796741496
k1,fix,7,tensor(90439.1250),213.41754176639338
k1,fix,1,tensor(15538.0762),269.43612057507556
k1,fix,4,tensor(35265.4062),509.0992332171834
k01,fix,7,tensor(131366.7969),721.1400723472448
k01,fix,6,tensor(39682.2812),365.77135755228977
k1,fix,5,tensor(224602.1250),320.38234539040616
k1,fix,4,tensor(60449.4883),382.81122998383955
k01,fix,1,tensor(35487.7734),602.2484232953038
k1,fix,7,tensor(71390.4297),767.7711379058547
k1,fix,2,tensor(59531.7344),396.7198151588008
k1,fix,7,tensor(144727.0781),335.62679516303155
k1,fix,5,tensor(86597.6719),627.4657186747354
k1,fix,1,tensor(9400.3330),424.45355408350355
k1,fix,5,tensor(142699.9844),224.95824433409183
k01,fix,4,tensor(47037.1289),501.3678532708766
k01,fix,3,tensor(63091.5234),317.41453635136753
k01,fix,3,tensor(105681.4844),272.5606909665979
k01,fix,2,tensor(80339.4688),461.1327476725961
k1,fix,1,tensor(52331.6562),360.7565325162378
k1,fix,8,tensor(89487.4297),255.68533869510648
k1,fix,6,tensor(194123.9219),505.8296233868372
k1,fix,2,tensor(38373.3867),307.6941985186002
k1,fix,6,tensor(116528.8047),393.85360790302764
k01,fix,6,tensor(30791.2402),337.02105362677594
k01,fix,5,tensor(28221.9297),555.9039634818564
k01,fix,8,tensor(48438.3477),386.25069577038806
k01,fix,4,tensor(24181.0391),537.1537311531506
k1,fix,3,tensor(49221.3086),0.5035262359619175
k01,fix,7,tensor(43922.1562),38.35422243652343
k01,fix,4,tensor(39406.4883),22.31252696228027
k01,fix,8,tensor(46211.5625),29.859002590942378
k01,fix,8,tensor(40733.7500),48.07579969482423
k01,fix,6,tensor(39975.1523),32.3264606048584
k1,fix,8,tensor(50216.6953),30.327156811523434
k1,fix,1,tensor(47566.6992),2.530294100952151
k01,fix,1,tensor(46608.3906),18.351308200073245
k01,fix,2,tensor(22759.8730),11.648450012207018
k01,fix,4,tensor(31153.1016),7.9464762176513695
k01,fix,7,tensor(43866.9727),37.02075859985351
k01,fix,8,tensor(42718.4688),23.779330621337888
k01,fix,1,tensor(59316.8477),16.788830740356442
k01,fix,7,tensor(47083.0156),41.772582272338866
k1,fix,8,tensor(51574.7383),8.512740103149408
k01,fix,5,tensor(39818.5977),0.7363221710205181
k1,fix,2,tensor(49755.0352),0.27953711547851157
k1,fix,1,tensor(49041.8594),2.9736836853027384
k1,fix,2,tensor(51944.9805),0.5787311706542937
k01,fix,6,tensor(42381.7422),28.799724499511715
k01,fix,2,tensor(46328.6289),1.7101002624511672
k01,fix,6,tensor(46162.9492),45.5668339904785
k1,fix,4,tensor(51476.1758),8.961070016479493
k01,fix,6,tensor(43337.6836),36.95746365051269
k1,fix,4,tensor(49685.7422),8.111055953979498
k01,fix,4,tensor(40396.8750),33.38796948547362
k1,fix,6,tensor(52884.4297),4.427219827270502
k01,fix,5,tensor(40215.0742),13.148379302978508
k01,fix,3,tensor(49301.5469),16.675056643676758
k1,fix,3,tensor(50768.4023),5.003456781005848
k01,fix,5,tensor(31766.3633),27.17719556884766
k01,fix,3,tensor(45204.8672),15.738675405883779
k1,fix,8,tensor(59520.9766),9.066380221557619
k01,fix,8,tensor(49903.4023),39.71914416198729
k1,fix,3,tensor(52230.2266),1.501765136718756
k1,fix,7,tensor(57406.9180),7.652042117309577
k01,fix,5,tensor(41050.9766),19.59406405029296
k1,fix,2,tensor(46140.1758),0.3441032958984387
k01,fix,3,tensor(35859.8398),12.975011734008785
k1,fix,6,tensor(57785.5703),9.577227413940435
k1,fix,6,tensor(47925.6289),12.565889175415041
k1,fix,3,tensor(56375.7070),5.852742269897469
k01,fix,2,tensor(44501.3008),12.787871868896477
k01,fix,5,tensor(33002.5039),20.420222467041018
k01,fix,1,tensor(60904.6641),8.64363227539063
k1,fix,3,tensor(43817.9375),7.297187374877929
k01,fix,7,tensor(44180.3828),23.63792659301757
k1,fix,2,tensor(48340.8789),6.046877319335945
k01,fix,1,tensor(30642.9199),0.26427345886230214
k1,fix,7,tensor(48895.1719),8.48155858154296
k1,fix,5,tensor(51523.9219),5.104225134277339
k1,fix,7,tensor(58865.6016),8.719732214355474
k01,fix,8,tensor(51259.8320),23.631460427856435
k1,fix,3,tensor(50660.1367),5.1606204284668
k1,fix,8,tensor(57907.5977),2.1893896209716814
k1,fix,4,tensor(56003.2930),6.557256781005865
k1,fix,8,tensor(58952.9961),1.7723301269531326
k1,fix,4,tensor(53235.2969),1.3906778564453148
k1,fix,1,tensor(44224.5117),2.961655953979495
k1,fix,6,tensor(58805.8047),6.952965261840827
k01,fix,4,tensor(29770.1816),17.47012493286132
k1,fix,5,tensor(47089.0547),9.975065231323239
k01,fix,7,tensor(44507.5742),19.628387792968734
k01,fix,2,tensor(34974.8594),9.49236833190918
k01,fix,3,tensor(32341.5957),22.744968371582022
k1,fix,5,tensor(56048.4961),3.9005646057128978
k01,fix,2,tensor(26066.8633),12.961705371093753
k01,fix,1,tensor(24921.8691),9.98787875366212
k1,fix,7,tensor(56812.5625),0.6903153076171904
k1,fix,1,tensor(47033.7109),2.462767410278321
k1,fix,4,tensor(57491.8555),13.928124365234382
k01,fix,7,tensor(43041.0625),62.577740332031226
k01,fix,6,tensor(38485.0273),29.475956457519533
k1,fix,5,tensor(50748.2109),8.367884698486325
k1,fix,4,tensor(51904.6523),5.286732284545888
k01,fix,1,tensor(27768.4258),1.7048446899413996
k1,fix,7,tensor(58511.1016),3.958439251708981
k1,fix,2,tensor(52896.7305),5.391656933593751
k1,fix,7,tensor(52457.2266),3.3407186035156258
k1,fix,5,tensor(55001.0547),1.5537986206054768
k1,fix,1,tensor(47987.3984),6.84433878479004
k1,fix,5,tensor(55901.7070),6.137947094726563
k01,fix,4,tensor(39682.6016),24.089509390258794
k01,fix,3,tensor(35258.6758),6.6020619018554605
k01,fix,3,tensor(28968.1309),14.574688629150383
k01,fix,2,tensor(28259.5703),6.349749041748044
k1,fix,1,tensor(47134.6289),3.756740359497069
k1,fix,8,tensor(57285.0156),3.6772614532470698
k1,fix,6,tensor(58237.0273),9.740909085083015
k1,fix,2,tensor(52029.3672),0.17183149108886298
k1,fix,6,tensor(48172.1133),7.25822958679198
k01,fix,6,tensor(41912.3281),26.361773287963867
k01,fix,5,tensor(43322.0430),22.526499200439428
k01,fix,8,tensor(47662.0664),27.41824082336426
k01,fix,4,tensor(37583.1953),6.911996923828131
k1,fix,3,tensor(11528.9590),65.53488089908215
k01,fix,7,tensor(15237.8203),171.73504235117898
k01,fix,4,tensor(19584.0977),73.0135192489783
k01,fix,8,tensor(830.9225),152.60442475267672
k01,fix,8,tensor(13476.5918),187.69786425760913
k01,fix,6,tensor(22819.5273),149.02658872274696
k1,fix,8,tensor(2390.8799),56.71439229066747
k1,fix,1,tensor(5089.7505),34.48448406125743
k01,fix,1,tensor(8370.7529),39.89951973644609
k01,fix,2,tensor(19972.3203),76.92277553547228
k01,fix,4,tensor(29921.),69.11300340149613
k01,fix,7,tensor(6548.7607),169.16857779875045
k01,fix,8,tensor(11607.4502),111.26376412680423
k01,fix,1,tensor(33952.5547),87.5310388999599
k01,fix,7,tensor(28338.2520),91.1082598882037
k1,fix,8,tensor(14287.3555),83.87032319068511
k01,fix,5,tensor(13164.2656),111.38788313986807
k1,fix,2,tensor(6214.6597),66.46761783725368
k1,fix,1,tensor(4259.8105),50.414800647892875
k1,fix,2,tensor(8477.8896),59.40632518814385
k01,fix,6,tensor(21929.9688),70.9485065693758
k01,fix,2,tensor(9687.7354),93.64946824041617
k01,fix,6,tensor(16472.9043),119.67756992834205
k1,fix,4,tensor(6602.6641),75.32331703246408
k01,fix,6,tensor(22231.5625),116.27067895116335
k1,fix,4,tensor(5342.8789),47.22819006815397
k01,fix,4,tensor(17539.3125),88.0327217836074
k1,fix,6,tensor(7649.9263),59.09306016419143
k01,fix,5,tensor(22133.5898),71.70173703487195
k01,fix,3,tensor(17167.0898),51.8583072215902
k1,fix,3,tensor(6106.2598),48.89941940085186
k01,fix,5,tensor(25906.3398),54.48894352974469
k01,fix,3,tensor(24148.4258),53.610977020327226
k1,fix,8,tensor(5787.7749),51.50563594590917
k01,fix,8,tensor(6758.9736),129.48465413860558
k1,fix,3,tensor(6381.2607),61.885297947652845
k1,fix,7,tensor(4468.7964),50.167755215925645
k01,fix,5,tensor(23281.7539),138.4228748478824
k1,fix,2,tensor(5033.4575),66.04284210395734
k01,fix,3,tensor(15937.3242),123.05324826127338
k1,fix,6,tensor(9163.7129),81.12211591092213
k1,fix,6,tensor(4018.2075),55.22321528347767
k1,fix,3,tensor(13742.1758),44.68480378277647
k01,fix,2,tensor(15687.1836),50.071860946153215
k01,fix,5,tensor(26368.8242),149.50033344998053
k01,fix,1,tensor(2430.9243),61.361963547750676
k1,fix,3,tensor(13111.4199),66.64300983878583
k01,fix,7,tensor(13020.0303),154.83627185877143
k1,fix,2,tensor(6416.3662),79.55730510363723
k01,fix,1,tensor(30931.6836),69.25747556102517
k1,fix,7,tensor(2649.8716),48.55134178330032
k1,fix,5,tensor(4915.0371),49.2356809578752
k1,fix,7,tensor(7962.7979),64.80910682916542
k01,fix,8,tensor(27053.9531),95.77625823428065
k1,fix,3,tensor(7444.4541),57.45887130997868
k1,fix,8,tensor(4725.1816),56.89576426946536
k1,fix,4,tensor(8518.9453),48.30428199497972
k1,fix,8,tensor(3603.2148),58.4711919655059
k1,fix,4,tensor(8562.4580),59.436421042827206
k1,fix,1,tensor(6073.0010),47.07379512635929
k1,fix,6,tensor(5054.3804),62.88851127958159
k01,fix,4,tensor(13470.1260),79.60017660030569
k1,fix,5,tensor(6641.4976),62.2081323931089
k01,fix,7,tensor(14315.0723),116.57158555074909
k01,fix,2,tensor(27239.9648),78.01043879752457
k01,fix,3,tensor(33546.7656),112.5129284777278
k1,fix,5,tensor(9526.9570),54.49510525247047
k01,fix,2,tensor(23787.7148),65.83509708453794
k01,fix,1,tensor(16589.2461),41.89225205973951
k1,fix,7,tensor(7637.2744),88.02490072953407
k1,fix,1,tensor(5333.5703),57.81595472076048
k1,fix,4,tensor(11817.8750),61.22540274305871
k01,fix,7,tensor(17351.6191),123.77881252760689
k01,fix,6,tensor(10336.4473),155.46967291841904
k1,fix,5,tensor(14615.0195),64.76460132654485
k1,fix,4,tensor(12197.0430),80.8163790371159
k01,fix,1,tensor(6711.5537),92.17948349234165
k1,fix,7,tensor(3884.6111),59.931796536650175
k1,fix,2,tensor(6528.5625),84.33803977473782
k1,fix,7,tensor(15487.9775),74.48214831624314
k1,fix,5,tensor(6540.6299),51.7797828747401
k1,fix,1,tensor(13196.5068),86.71395219439819
k1,fix,5,tensor(10482.7910),63.3205796908657
k01,fix,4,tensor(24338.3086),90.38316585440677
k01,fix,3,tensor(19522.3867),57.797780600551356
k01,fix,3,tensor(16319.0850),52.60308870302046
k01,fix,2,tensor(30843.4746),63.382842903184866
k1,fix,1,tensor(5702.5293),46.33280874281712
k1,fix,8,tensor(4421.0078),66.03132328158964
k1,fix,6,tensor(9973.5156),60.420653871077874
k1,fix,2,tensor(13076.5508),53.614477555585964
k1,fix,6,tensor(17979.6465),59.688217855800644
k01,fix,6,tensor(18134.3223),104.64367992904769
k01,fix,5,tensor(19165.0645),89.8127227363761
k01,fix,8,tensor(11708.9492),192.92823886831619
k01,fix,4,tensor(17053.4609),92.69852136423667
k1,fix,3,tensor(340526.5312),349.95006338050393
k01,fix,7,tensor(54599.0117),59.73597317041096
k01,fix,4,tensor(76210.2422),91.76069381986198
k01,fix,8,tensor(5486.2188),9.414399761325802
k01,fix,8,tensor(76413.1406),111.69566410409239
k01,fix,6,tensor(38393.0625),125.68440759059479
k1,fix,8,tensor(884298.),9.169280939839734
k1,fix,1,tensor(98012.4688),297.1823056243187
k01,fix,1,tensor(177766.2500),58.391157613437585
k01,fix,2,tensor(17112.2676),167.09629371193304
k01,fix,4,tensor(14756.0088),172.12935002576086
k01,fix,7,tensor(5486.2188),9.40866088041942
k01,fix,8,tensor(394.9048),62.99617101773498
k01,fix,1,tensor(61383.9023),203.48755288008036
k01,fix,7,tensor(2351.7295),68.4169860806834
k1,fix,8,tensor(1552254.5000),80.82122981812645
k01,fix,5,tensor(4304.4741),3.714418748573978
k1,fix,2,tensor(176802.3750),413.6252332061223
k1,fix,1,tensor(392871.8750),466.09021664542587
k1,fix,2,tensor(356156.8438),371.6207445391195
k01,fix,6,tensor(6507.8652),113.36632126456921
k01,fix,2,tensor(161975.5938),116.56260168674895
k01,fix,6,tensor(37622.0586),80.87836803314556
k1,fix,4,tensor(1056154.3750),197.02861918340574
k01,fix,6,tensor(1631.1272),78.3735312445864
k1,fix,4,tensor(337623.4375),262.64847166516313
k01,fix,4,tensor(175847.9062),107.83186691061363
k1,fix,6,tensor(1000623.8125),70.09222040748905
k01,fix,5,tensor(16486.5078),148.05101769933705
k01,fix,3,tensor(177922.2812),150.0578906986119
k1,fix,3,tensor(289948.9062),320.7201367920318
k01,fix,5,tensor(29410.8555),102.2807853455283
k01,fix,3,tensor(114466.8828),77.1220420725994
k1,fix,8,tensor(1460184.7500),7.954418572301535
k01,fix,8,tensor(47559.8438),91.21600616603621
k1,fix,3,tensor(715635.3125),298.90739849414484
k1,fix,7,tensor(1108184.8750),18.464950297444883
k01,fix,5,tensor(1246.2485),138.6281039133273
k1,fix,2,tensor(670347.8750),216.7278374630158
k01,fix,3,tensor(1999.8160),149.4760620216217
k1,fix,6,tensor(646099.7500),202.2117885509138
k1,fix,6,tensor(1570192.),28.580325525344676
k1,fix,3,tensor(640439.5625),214.52989632506961
k01,fix,2,tensor(98035.0547),107.26758211918816
k01,fix,5,tensor(131751.6875),105.47988278444167
k01,fix,1,tensor(70209.9375),158.43749405823246
k1,fix,3,tensor(480822.9062),406.9848664501927
k01,fix,7,tensor(87.9740),85.55146510617806
k1,fix,2,tensor(187544.7500),486.3478597885471
k01,fix,1,tensor(172577.1562),159.04402189528122
k1,fix,7,tensor(883863.3125),10.541255548620558
k1,fix,5,tensor(1287052.5000),45.75896878446226
k1,fix,7,tensor(1783946.7500),13.581802409426334
k01,fix,8,tensor(1378.8409),95.29892670057347
k1,fix,3,tensor(718464.9375),280.5282130883538
k1,fix,8,tensor(597210.),58.859354781485564
k1,fix,4,tensor(1640164.1250),104.99691416780132
k1,fix,8,tensor(1422020.1250),6.702768989096725
k1,fix,4,tensor(393575.6250),296.03201904626974
k1,fix,1,tensor(292796.),252.0640368794286
k1,fix,6,tensor(653957.1250),25.775542470169682
k01,fix,4,tensor(28356.4453),135.60427674891304
k1,fix,5,tensor(483100.3125),159.7392529105418
k01,fix,7,tensor(2669.3010),101.10666598314334
k01,fix,2,tensor(168856.6719),136.56734154197318
k01,fix,3,tensor(246675.0156),107.67952803781446
k1,fix,5,tensor(913392.8750),68.84830886238393
k01,fix,2,tensor(142912.7656),97.58122378855283
k01,fix,1,tensor(55044.9883),51.831173044207816
k1,fix,7,tensor(1526953.7500),154.53638976918742
k1,fix,1,tensor(154299.2344),342.25080076870626
k1,fix,4,tensor(1122015.5000),109.58279940500458
k01,fix,7,tensor(88077.6562),83.85546211502628
k01,fix,6,tensor(5486.2188),9.403126858452838
k1,fix,5,tensor(851381.5625),396.0493943506864
k1,fix,4,tensor(443127.2500),486.8713185056086
k01,fix,1,tensor(72347.0547),125.71722640702376
k1,fix,7,tensor(986281.),17.66109665024274
k1,fix,2,tensor(664330.3125),407.9219597444591
k1,fix,7,tensor(398735.8750),407.5618844246336
k1,fix,5,tensor(1822517.),120.4692278914093
k1,fix,1,tensor(432966.),428.7736787935281
k1,fix,5,tensor(465061.8750),315.96166553982135
k01,fix,4,tensor(126032.7109),74.77431383643554
k01,fix,3,tensor(82348.4609),104.43526591192136
k01,fix,3,tensor(89756.9141),95.19403577095885
k01,fix,2,tensor(94030.2500),101.22179282040386
k1,fix,1,tensor(218324.8438),400.73924787654437
k1,fix,8,tensor(1402107.1250),85.13263867854297
k1,fix,6,tensor(652562.3125),29.50039718240064
k1,fix,2,tensor(209434.3750),376.5096896529004
k1,fix,6,tensor(1354992.1250),157.3427961812657
k01,fix,6,tensor(4542.1226),133.9803019843919
k01,fix,5,tensor(60581.5469),101.31466286114062
k01,fix,8,tensor(2804.5039),33.32542177636665
k01,fix,4,tensor(1101.6211),71.11666540844237
k1,fix,3,tensor(1988.8201),118.40968469697603
k01,fix,7,tensor(36375.8516),105.15422129252599
k01,fix,4,tensor(60238.2188),178.98418921624182
k01,fix,8,tensor(42879.8398),386.0847355524699
k01,fix,8,tensor(34336.2383),172.93877082617104
k01,fix,6,tensor(50484.5703),92.87240593882103
k1,fix,8,tensor(373613.1250),216.81976263323065
k1,fix,1,tensor(246.1717),88.55163843777716
k01,fix,1,tensor(36948.7344),111.13002370760825
k01,fix,2,tensor(11680.9854),234.23540888027267
k01,fix,4,tensor(85903.7266),284.8593462708316
k01,fix,7,tensor(28509.4707),469.3986662769534
k01,fix,8,tensor(32311.7461),347.672553308967
k01,fix,1,tensor(189456.2500),148.2116191684524
k01,fix,7,tensor(35561.5742),287.0002303804671
k1,fix,8,tensor(1142.5859),378.14506103122045
k01,fix,5,tensor(31062.2637),465.2178639792531
k1,fix,2,tensor(303.9933),61.14551750386383
k1,fix,1,tensor(2775.5249),114.21829240176142
k1,fix,2,tensor(19922.7148),103.43939886828399
k01,fix,6,tensor(35744.4688),298.6919919779512
k01,fix,2,tensor(120049.6719),150.65311131077289
k01,fix,6,tensor(42089.5039),153.30532727922707
k1,fix,4,tensor(182053.9375),144.29899713403785
k01,fix,6,tensor(36689.4062),328.6583057650093
k1,fix,4,tensor(33268.2070),168.66994152371845
k01,fix,4,tensor(65038.6719),151.98553442252194
k1,fix,6,tensor(92114.8438),168.4144544114872
k01,fix,5,tensor(53907.9375),235.95147642472975
k01,fix,3,tensor(283145.4688),131.32327023763509
k1,fix,3,tensor(70921.7656),134.3726349201332
k01,fix,5,tensor(38010.4922),228.29688490437272
k01,fix,3,tensor(52690.8984),131.3142066055955
k1,fix,8,tensor(265080.1875),192.23322447519453
k01,fix,8,tensor(19791.4727),183.60111826401447
k1,fix,3,tensor(6563.3608),130.08427442823137
k1,fix,7,tensor(216386.8750),138.67520508690487
k01,fix,5,tensor(38068.6562),338.8466051787206
k1,fix,2,tensor(18368.7734),121.9357639332207
k01,fix,3,tensor(109407.5781),292.2601069355227
k1,fix,6,tensor(2515.3672),165.3854591538306
k1,fix,6,tensor(302597.1250),176.71464188893634
k1,fix,3,tensor(65711.1719),198.5319959928119
k01,fix,2,tensor(15957.3223),159.6290099409973
k01,fix,5,tensor(50779.3047),80.41723741587597
k01,fix,1,tensor(19545.1387),133.65701786028285
k1,fix,3,tensor(286.5265),164.73305919867795
k01,fix,7,tensor(35158.5234),336.4847361625188
k1,fix,2,tensor(312.1024),106.75052868590063
k01,fix,1,tensor(6301.1606),174.3847717914452
k1,fix,7,tensor(221019.0312),251.3116959660502
k1,fix,5,tensor(89117.0859),188.2475233013127
k1,fix,7,tensor(225223.9062),129.56908775078736
k01,fix,8,tensor(33887.6055),292.98027684088464
k1,fix,3,tensor(56989.6758),120.08941872914633
k1,fix,8,tensor(3164.2153),230.73772966726568
k1,fix,4,tensor(111280.5625),143.85575279897571
k1,fix,8,tensor(374755.2812),126.82951676331953
k1,fix,4,tensor(584.0447),124.63957229709408
k1,fix,1,tensor(663.7988),81.51614672040184
k1,fix,6,tensor(172846.6875),141.95905033747354
k01,fix,4,tensor(73632.5469),245.71749417852115
k1,fix,5,tensor(267698.5938),170.10655002961624
k01,fix,7,tensor(33216.8555),349.38140832269545
k01,fix,2,tensor(147404.0312),93.36559537857298
k01,fix,3,tensor(365043.5938),63.12359779924492
k1,fix,5,tensor(72622.1641),188.97781961034485
k01,fix,2,tensor(158837.0312),114.6987053531638
k01,fix,1,tensor(127292.0547),129.4109518533391
k1,fix,7,tensor(2760.7893),179.11729112936527
k1,fix,1,tensor(608.7144),79.18377138427597
k1,fix,4,tensor(63309.2227),168.2346409443014
k01,fix,7,tensor(24047.2168),212.51753236809552
k01,fix,6,tensor(27804.9531),490.886869741946
k1,fix,5,tensor(567.7453),255.05479685465494
k1,fix,4,tensor(4663.7363),207.25350289009594
k01,fix,1,tensor(32589.5117),107.87680340678244
k1,fix,7,tensor(313071.6562),162.7198059499399
k1,fix,2,tensor(65827.7188),128.16097321910382
k1,fix,7,tensor(1111.9298),327.1121142672844
k1,fix,5,tensor(277610.5000),151.99088280865934
k1,fix,1,tensor(3895.9956),126.79906515415564
k1,fix,5,tensor(5044.6533),156.4187343363859
k01,fix,4,tensor(58495.5391),78.46761661646319
k01,fix,3,tensor(220206.0938),206.15962797822323
k01,fix,3,tensor(120547.1641),172.52099562772548
k01,fix,2,tensor(61817.9688),146.25443888251203
k1,fix,1,tensor(4800.2407),84.56597997812456
k1,fix,8,tensor(265731.5312),177.90735953519135
k1,fix,6,tensor(165158.1719),126.91884999696899
k1,fix,2,tensor(8151.9434),104.00578029355765
k1,fix,6,tensor(2203.8130),279.25071254068496
k01,fix,6,tensor(37818.4648),317.5424441783066
k01,fix,5,tensor(53450.8359),184.372869236399
k01,fix,8,tensor(33182.7852),308.6071167132753
k01,fix,4,tensor(85095.8203),377.14869911276026